{"minecraft:recipes/decorations/crafting_table":{"criteria":{"unlock_right_away":"2025-01-26 15:51:47 -0800"},"done":true},"minecraft:adventure/adventuring_time":{"criteria":{"minecraft:old_growth_birch_forest":"2025-01-26 15:51:48 -0800","minecraft:ocean":"2025-01-26 15:52:49 -0800","minecraft:deep_ocean":"2025-01-26 15:52:56 -0800","minecraft:plains":"2025-01-26 15:52:51 -0800"},"done":false},"minecraft:recipes/transportation/mangrove_boat":{"criteria":{"in_water":"2025-01-26 15:53:00 -0800"},"done":true},"minecraft:recipes/transportation/acacia_boat":{"criteria":{"in_water":"2025-01-26 15:53:00 -0800"},"done":true},"minecraft:recipes/transportation/cherry_boat":{"criteria":{"in_water":"2025-01-26 15:53:00 -0800"},"done":true},"minecraft:recipes/transportation/pale_oak_boat":{"criteria":{"in_water":"2025-01-26 15:53:00 -0800"},"done":true},"minecraft:recipes/transportation/bamboo_raft":{"criteria":{"in_water":"2025-01-26 15:53:00 -0800"},"done":true},"minecraft:recipes/transportation/spruce_boat":{"criteria":{"in_water":"2025-01-26 15:53:00 -0800"},"done":true},"minecraft:recipes/transportation/birch_boat":{"criteria":{"in_water":"2025-01-26 15:53:00 -0800"},"done":true},"minecraft:recipes/transportation/oak_boat":{"criteria":{"in_water":"2025-01-26 15:53:00 -0800"},"done":true},"minecraft:recipes/transportation/jungle_boat":{"criteria":{"in_water":"2025-01-26 15:53:00 -0800"},"done":true},"minecraft:recipes/transportation/dark_oak_boat":{"criteria":{"in_water":"2025-01-26 15:53:00 -0800"},"done":true},"minecraft:recipes/building_blocks/polished_deepslate":{"criteria":{"has_cobbled_deepslate":"2025-01-26 15:58:37 -0800"},"done":true},"minecraft:recipes/building_blocks/deepslate_tile_stairs_from_cobbled_deepslate_stonecutting":{"criteria":{"has_cobbled_deepslate":"2025-01-26 15:58:37 -0800"},"done":true},"minecraft:recipes/decorations/deepslate_brick_wall_from_cobbled_deepslate_stonecutting":{"criteria":{"has_cobbled_deepslate":"2025-01-26 15:58:37 -0800"},"done":true},"minecraft:recipes/building_blocks/polished_deepslate_from_cobbled_deepslate_stonecutting":{"criteria":{"has_cobbled_deepslate":"2025-01-26 15:58:37 -0800"},"done":true},"minecraft:recipes/building_blocks/polished_deepslate_slab_from_cobbled_deepslate_stonecutting":{"criteria":{"has_cobbled_deepslate":"2025-01-26 15:58:37 -0800"},"done":true},"minecraft:recipes/building_blocks/deepslate_brick_stairs_from_cobbled_deepslate_stonecutting":{"criteria":{"has_cobbled_deepslate":"2025-01-26 15:58:37 -0800"},"done":true},"minecraft:recipes/combat/stone_sword":{"criteria":{"has_cobblestone":"2025-01-26 15:58:37 -0800"},"done":true},"minecraft:recipes/tools/stone_pickaxe":{"criteria":{"has_cobblestone":"2025-01-26 15:58:37 -0800"},"done":true},"minecraft:recipes/building_blocks/deepslate_brick_slab_from_cobbled_deepslate_stonecutting":{"criteria":{"has_cobbled_deepslate":"2025-01-26 15:58:37 -0800"},"done":true},"minecraft:recipes/building_blocks/cobbled_deepslate_slab_from_cobbled_deepslate_stonecutting":{"criteria":{"has_cobbled_deepslate":"2025-01-26 15:58:37 -0800"},"done":true},"minecraft:recipes/tools/stone_axe":{"criteria":{"has_cobblestone":"2025-01-26 15:58:37 -0800"},"done":true},"minecraft:recipes/building_blocks/deepslate_tile_slab_from_cobbled_deepslate_stonecutting":{"criteria":{"has_cobbled_deepslate":"2025-01-26 15:58:37 -0800"},"done":true},"minecraft:story/mine_stone":{"criteria":{"get_stone":"2025-01-26 15:58:37 -0800"},"done":true},"minecraft:recipes/decorations/furnace":{"criteria":{"has_cobblestone":"2025-01-26 15:58:37 -0800"},"done":true},"minecraft:recipes/building_blocks/cobbled_deepslate_stairs":{"criteria":{"has_cobbled_deepslate":"2025-01-26 15:58:37 -0800"},"done":true},"minecraft:recipes/building_blocks/chiseled_deepslate_from_cobbled_deepslate_stonecutting":{"criteria":{"has_cobbled_deepslate":"2025-01-26 15:58:37 -0800"},"done":true},"minecraft:recipes/building_blocks/cobbled_deepslate_slab":{"criteria":{"has_cobbled_deepslate":"2025-01-26 15:58:37 -0800"},"done":true},"minecraft:recipes/decorations/cobbled_deepslate_wall_from_cobbled_deepslate_stonecutting":{"criteria":{"has_cobbled_deepslate":"2025-01-26 15:58:37 -0800"},"done":true},"minecraft:recipes/decorations/deepslate_tile_wall_from_cobbled_deepslate_stonecutting":{"criteria":{"has_cobbled_deepslate":"2025-01-26 15:58:37 -0800"},"done":true},"minecraft:recipes/decorations/cobbled_deepslate_wall":{"criteria":{"has_cobbled_deepslate":"2025-01-26 15:58:37 -0800"},"done":true},"minecraft:recipes/decorations/polished_deepslate_wall_from_cobbled_deepslate_stonecutting":{"criteria":{"has_cobbled_deepslate":"2025-01-26 15:58:37 -0800"},"done":true},"minecraft:recipes/building_blocks/deepslate_bricks_from_cobbled_deepslate_stonecutting":{"criteria":{"has_cobbled_deepslate":"2025-01-26 15:58:37 -0800"},"done":true},"minecraft:recipes/building_blocks/deepslate_tiles_from_cobbled_deepslate_stonecutting":{"criteria":{"has_cobbled_deepslate":"2025-01-26 15:58:37 -0800"},"done":true},"minecraft:recipes/building_blocks/cobbled_deepslate_stairs_from_cobbled_deepslate_stonecutting":{"criteria":{"has_cobbled_deepslate":"2025-01-26 15:58:37 -0800"},"done":true},"minecraft:recipes/tools/stone_hoe":{"criteria":{"has_cobblestone":"2025-01-26 15:58:37 -0800"},"done":true},"minecraft:recipes/building_blocks/deepslate":{"criteria":{"has_cobbled_deepslate":"2025-01-26 15:58:37 -0800"},"done":true},"minecraft:recipes/tools/stone_shovel":{"criteria":{"has_cobblestone":"2025-01-26 15:58:37 -0800"},"done":true},"minecraft:recipes/building_blocks/polished_deepslate_stairs_from_cobbled_deepslate_stonecutting":{"criteria":{"has_cobbled_deepslate":"2025-01-26 15:58:37 -0800"},"done":true},"minecraft:recipes/building_blocks/red_stained_glass":{"criteria":{"has_glass":"2025-01-26 15:59:25 -0800"},"done":true},"minecraft:recipes/building_blocks/light_blue_stained_glass":{"criteria":{"has_glass":"2025-01-26 15:59:25 -0800"},"done":true},"minecraft:recipes/brewing/glass_bottle":{"criteria":{"has_glass":"2025-01-26 15:59:25 -0800"},"done":true},"minecraft:recipes/building_blocks/green_stained_glass":{"criteria":{"has_glass":"2025-01-26 15:59:25 -0800"},"done":true},"minecraft:recipes/building_blocks/brown_stained_glass":{"criteria":{"has_glass":"2025-01-26 15:59:25 -0800"},"done":true},"minecraft:recipes/building_blocks/light_gray_stained_glass":{"criteria":{"has_glass":"2025-01-26 15:59:25 -0800"},"done":true},"minecraft:recipes/building_blocks/blue_stained_glass":{"criteria":{"has_glass":"2025-01-26 15:59:25 -0800"},"done":true},"minecraft:recipes/building_blocks/orange_stained_glass":{"criteria":{"has_glass":"2025-01-26 15:59:25 -0800"},"done":true},"minecraft:recipes/building_blocks/cyan_stained_glass":{"criteria":{"has_glass":"2025-01-26 15:59:25 -0800"},"done":true},"minecraft:recipes/building_blocks/pink_stained_glass":{"criteria":{"has_glass":"2025-01-26 15:59:25 -0800"},"done":true},"minecraft:recipes/building_blocks/black_stained_glass":{"criteria":{"has_glass":"2025-01-26 15:59:25 -0800"},"done":true},"minecraft:recipes/building_blocks/gray_stained_glass":{"criteria":{"has_glass":"2025-01-26 15:59:25 -0800"},"done":true},"minecraft:recipes/building_blocks/purple_stained_glass":{"criteria":{"has_glass":"2025-01-26 15:59:25 -0800"},"done":true},"minecraft:recipes/building_blocks/yellow_stained_glass":{"criteria":{"has_glass":"2025-01-26 15:59:25 -0800"},"done":true},"minecraft:recipes/building_blocks/lime_stained_glass":{"criteria":{"has_glass":"2025-01-26 15:59:25 -0800"},"done":true},"minecraft:recipes/decorations/glass_pane":{"criteria":{"has_glass":"2025-01-26 15:59:25 -0800"},"done":true},"minecraft:recipes/building_blocks/magenta_stained_glass":{"criteria":{"has_glass":"2025-01-26 15:59:25 -0800"},"done":true},"minecraft:recipes/building_blocks/white_stained_glass":{"criteria":{"has_glass":"2025-01-26 15:59:25 -0800"},"done":true},"minecraft:recipes/misc/iron_ingot_from_iron_block":{"criteria":{"has_iron_block":"2025-01-26 16:03:47 -0800"},"done":true},"minecraft:recipes/decorations/anvil":{"criteria":{"has_iron_block":"2025-01-26 16:03:47 -0800"},"done":true},"minecraft:recipes/decorations/chest":{"criteria":{"has_lots_of_items":"2025-01-26 16:18:33 -0800"},"done":true},"minecraft:recipes/decorations/stone_brick_wall":{"criteria":{"has_stone_bricks":"2025-01-26 16:28:53 -0800"},"done":true},"minecraft:recipes/building_blocks/stone_brick_slab_from_stone_bricks_stonecutting":{"criteria":{"has_stone_bricks":"2025-01-26 16:28:53 -0800"},"done":true},"minecraft:recipes/building_blocks/cracked_stone_bricks":{"criteria":{"has_stone_bricks":"2025-01-26 16:28:53 -0800"},"done":true},"minecraft:recipes/building_blocks/stone_brick_stairs_from_stone_bricks_stonecutting":{"criteria":{"has_stone_bricks":"2025-01-26 16:28:53 -0800"},"done":true},"minecraft:recipes/building_blocks/stone_brick_slab":{"criteria":{"has_stone_bricks":"2025-01-26 16:28:53 -0800"},"done":true},"minecraft:recipes/building_blocks/stone_brick_stairs":{"criteria":{"has_stone_bricks":"2025-01-26 16:28:53 -0800"},"done":true},"minecraft:recipes/building_blocks/chiseled_stone_bricks_from_stone_bricks_stonecutting":{"criteria":{"has_stone_bricks":"2025-01-26 16:28:53 -0800"},"done":true},"minecraft:recipes/building_blocks/chiseled_stone_bricks":{"criteria":{"has_tag":"2025-01-26 16:28:53 -0800"},"done":true},"minecraft:recipes/decorations/stone_brick_wall_from_stone_bricks_stonecutting":{"criteria":{"has_stone_bricks":"2025-01-26 16:28:53 -0800"},"done":true},"minecraft:recipes/building_blocks/spruce_planks":{"criteria":{"has_logs":"2025-01-26 16:37:26 -0800"},"done":true},"minecraft:recipes/misc/charcoal":{"criteria":{"has_log":"2025-01-26 16:37:26 -0800"},"done":true},"minecraft:recipes/building_blocks/spruce_wood":{"criteria":{"has_log":"2025-01-26 16:37:26 -0800"},"done":true},"minecraft:recipes/decorations/deepslate_brick_wall_from_deepslate_bricks_stonecutting":{"criteria":{"has_deepslate_bricks":"2025-01-26 16:55:30 -0800"},"done":true},"minecraft:recipes/building_blocks/deepslate_tile_stairs_from_deepslate_bricks_stonecutting":{"criteria":{"has_deepslate_bricks":"2025-01-26 16:55:30 -0800"},"done":true},"minecraft:recipes/decorations/deepslate_brick_wall":{"criteria":{"has_deepslate_bricks":"2025-01-26 16:55:30 -0800"},"done":true},"minecraft:recipes/building_blocks/deepslate_brick_stairs":{"criteria":{"has_deepslate_bricks":"2025-01-26 16:55:30 -0800"},"done":true},"minecraft:recipes/building_blocks/deepslate_tiles_from_deepslate_bricks_stonecutting":{"criteria":{"has_deepslate_bricks":"2025-01-26 16:55:30 -0800"},"done":true},"minecraft:recipes/building_blocks/deepslate_brick_slab":{"criteria":{"has_deepslate_bricks":"2025-01-26 16:55:30 -0800"},"done":true},"minecraft:recipes/decorations/deepslate_tile_wall_from_deepslate_bricks_stonecutting":{"criteria":{"has_deepslate_bricks":"2025-01-26 16:55:30 -0800"},"done":true},"minecraft:recipes/building_blocks/cracked_deepslate_bricks":{"criteria":{"has_deepslate_bricks":"2025-01-26 16:55:30 -0800"},"done":true},"minecraft:recipes/building_blocks/deepslate_tile_slab_from_deepslate_bricks_stonecutting":{"criteria":{"has_deepslate_bricks":"2025-01-26 16:55:30 -0800"},"done":true},"minecraft:recipes/building_blocks/deepslate_tiles":{"criteria":{"has_deepslate_bricks":"2025-01-26 16:55:30 -0800"},"done":true},"minecraft:recipes/building_blocks/deepslate_brick_stairs_from_deepslate_bricks_stonecutting":{"criteria":{"has_deepslate_bricks":"2025-01-26 16:55:30 -0800"},"done":true},"minecraft:recipes/building_blocks/deepslate_brick_slab_from_deepslate_bricks_stonecutting":{"criteria":{"has_deepslate_bricks":"2025-01-26 16:55:30 -0800"},"done":true},"minecraft:recipes/redstone/redstone_torch":{"criteria":{"has_redstone":"2025-01-26 17:16:25 -0800"},"done":true},"minecraft:recipes/tools/clock":{"criteria":{"has_redstone":"2025-01-26 17:16:25 -0800"},"done":true},"minecraft:recipes/redstone/dropper":{"criteria":{"has_redstone":"2025-01-26 17:16:25 -0800"},"done":true},"minecraft:recipes/redstone/redstone_block":{"criteria":{"has_redstone":"2025-01-26 17:16:25 -0800"},"done":true},"minecraft:recipes/redstone/note_block":{"criteria":{"has_redstone":"2025-01-26 17:16:25 -0800"},"done":true},"minecraft:recipes/redstone/target":{"criteria":{"has_redstone":"2025-01-26 17:16:25 -0800"},"done":true},"minecraft:recipes/tools/compass":{"criteria":{"has_redstone":"2025-01-26 17:16:25 -0800"},"done":true},"minecraft:recipes/redstone/piston":{"criteria":{"has_redstone":"2025-01-26 17:16:25 -0800"},"done":true},"minecraft:recipes/building_blocks/stone_bricks":{"criteria":{"has_stone":"2025-01-26 17:35:16 -0800"},"done":true},"minecraft:recipes/building_blocks/stone_brick_slab_from_stone_stonecutting":{"criteria":{"has_stone":"2025-01-26 17:35:16 -0800"},"done":true},"minecraft:recipes/misc/lime_dye":{"criteria":{"has_green_dye":"2025-01-26 17:39:34 -0800"},"done":true},"minecraft:recipes/building_blocks/stone_brick_stairs_from_stone_stonecutting":{"criteria":{"has_stone":"2025-01-26 17:35:16 -0800"},"done":true},"minecraft:recipes/tools/green_bundle":{"criteria":{"has_green_dye":"2025-01-26 17:39:34 -0800"},"done":true},"minecraft:recipes/misc/cyan_dye":{"criteria":{"has_green_dye":"2025-01-26 17:39:34 -0800"},"done":true},"minecraft:recipes/building_blocks/polished_blackstone_bricks_from_polished_blackstone_stonecutting":{"criteria":{"has_polished_blackstone":"2025-01-26 17:34:59 -0800"},"done":true},"minecraft:recipes/building_blocks/stone_slab_from_stone_stonecutting":{"criteria":{"has_stone":"2025-01-26 17:35:16 -0800"},"done":true},"minecraft:recipes/building_blocks/chiseled_polished_blackstone_from_polished_blackstone_stonecutting":{"criteria":{"has_polished_blackstone":"2025-01-26 17:34:59 -0800"},"done":true},"minecraft:recipes/building_blocks/stone_bricks_from_stone_stonecutting":{"criteria":{"has_stone":"2025-01-26 17:35:16 -0800"},"done":true},"minecraft:recipes/building_blocks/stone_slab":{"criteria":{"has_stone":"2025-01-26 17:35:16 -0800"},"done":true},"minecraft:recipes/building_blocks/polished_blackstone_stairs_from_polished_blackstone_stonecutting":{"criteria":{"has_polished_blackstone":"2025-01-26 17:34:59 -0800"},"done":true},"minecraft:recipes/building_blocks/polished_blackstone_slab_from_polished_blackstone_stonecutting":{"criteria":{"has_polished_blackstone":"2025-01-26 17:34:59 -0800"},"done":true},"minecraft:recipes/building_blocks/polished_blackstone_stairs":{"criteria":{"has_polished_blackstone":"2025-01-26 17:34:59 -0800"},"done":true},"minecraft:recipes/building_blocks/polished_blackstone_brick_stairs_from_polished_blackstone_stonecutting":{"criteria":{"has_polished_blackstone":"2025-01-26 17:34:59 -0800"},"done":true},"minecraft:recipes/building_blocks/chiseled_stone_bricks_stone_from_stonecutting":{"criteria":{"has_stone":"2025-01-26 17:35:16 -0800"},"done":true},"minecraft:recipes/redstone/polished_blackstone_button":{"criteria":{"has_polished_blackstone":"2025-01-26 17:34:59 -0800"},"done":true},"minecraft:recipes/decorations/polished_blackstone_wall_from_polished_blackstone_stonecutting":{"criteria":{"has_polished_blackstone":"2025-01-26 17:34:59 -0800"},"done":true},"minecraft:recipes/building_blocks/stone_stairs_from_stone_stonecutting":{"criteria":{"has_stone":"2025-01-26 17:35:16 -0800"},"done":true},"minecraft:recipes/decorations/armor_stand":{"criteria":{"has_stone_slab":"2025-01-26 17:42:38 -0800"},"done":true},"minecraft:recipes/redstone/polished_blackstone_pressure_plate":{"criteria":{"has_polished_blackstone":"2025-01-26 17:34:59 -0800"},"done":true},"minecraft:recipes/building_blocks/polished_blackstone_brick_slab_from_polished_blackstone_stonecutting":{"criteria":{"has_polished_blackstone":"2025-01-26 17:34:59 -0800"},"done":true},"minecraft:recipes/redstone/stone_button":{"criteria":{"has_stone":"2025-01-26 17:35:16 -0800"},"done":true},"minecraft:recipes/decorations/stonecutter":{"criteria":{"has_stone":"2025-01-26 17:35:16 -0800"},"done":true},"minecraft:recipes/redstone/stone_pressure_plate":{"criteria":{"has_stone":"2025-01-26 17:35:16 -0800"},"done":true},"minecraft:recipes/building_blocks/polished_blackstone_slab":{"criteria":{"has_polished_blackstone":"2025-01-26 17:34:59 -0800"},"done":true},"minecraft:recipes/building_blocks/dye_green_bed":{"criteria":{"has_needed_dye":"2025-01-26 17:39:34 -0800"},"done":true},"minecraft:recipes/building_blocks/smooth_stone":{"criteria":{"has_stone":"2025-01-26 17:35:16 -0800"},"done":true},"minecraft:recipes/building_blocks/dye_green_carpet":{"criteria":{"has_needed_dye":"2025-01-26 17:39:34 -0800"},"done":true},"minecraft:recipes/decorations/green_stained_glass_pane_from_glass_pane":{"criteria":{"has_green_dye":"2025-01-26 17:39:34 -0800"},"done":true},"minecraft:recipes/building_blocks/polished_blackstone_bricks":{"criteria":{"has_polished_blackstone":"2025-01-26 17:34:59 -0800"},"done":true},"minecraft:recipes/decorations/green_candle":{"criteria":{"has_green_dye":"2025-01-26 17:39:34 -0800"},"done":true},"minecraft:recipes/building_blocks/dye_green_wool":{"criteria":{"has_needed_dye":"2025-01-26 17:39:34 -0800"},"done":true},"minecraft:recipes/decorations/stone_brick_walls_from_stone_stonecutting":{"criteria":{"has_stone":"2025-01-26 17:35:16 -0800"},"done":true},"minecraft:recipes/decorations/polished_blackstone_wall":{"criteria":{"has_polished_blackstone":"2025-01-26 17:34:59 -0800"},"done":true},"minecraft:recipes/building_blocks/stone_stairs":{"criteria":{"has_stone":"2025-01-26 17:35:16 -0800"},"done":true},"minecraft:recipes/decorations/polished_blackstone_brick_wall_from_polished_blackstone_stonecutting":{"criteria":{"has_polished_blackstone":"2025-01-26 17:34:59 -0800"},"done":true},"DataVersion":4189}