{"minecraft:recipes/decorations/crafting_table":{"criteria":{"unlock_right_away":"2025-01-26 15:35:24 -0800"},"done":true},"minecraft:adventure/adventuring_time":{"criteria":{"minecraft:old_growth_birch_forest":"2025-01-26 15:35:24 -0800","minecraft:beach":"2025-01-26 15:42:24 -0800","minecraft:ocean":"2025-01-26 15:55:24 -0800"},"done":false},"minecraft:recipes/building_blocks/birch_planks":{"criteria":{"has_logs":"2025-01-26 15:39:57 -0800"},"done":true},"minecraft:recipes/misc/charcoal":{"criteria":{"has_log":"2025-01-26 15:39:57 -0800"},"done":true},"minecraft:recipes/building_blocks/birch_wood":{"criteria":{"has_log":"2025-01-26 15:39:57 -0800"},"done":true},"minecraft:recipes/transportation/mangrove_boat":{"criteria":{"in_water":"2025-01-26 15:40:27 -0800"},"done":true},"minecraft:recipes/transportation/acacia_boat":{"criteria":{"in_water":"2025-01-26 15:40:27 -0800"},"done":true},"minecraft:recipes/transportation/cherry_boat":{"criteria":{"in_water":"2025-01-26 15:40:27 -0800"},"done":true},"minecraft:recipes/transportation/pale_oak_boat":{"criteria":{"in_water":"2025-01-26 15:40:27 -0800"},"done":true},"minecraft:recipes/transportation/bamboo_raft":{"criteria":{"in_water":"2025-01-26 15:40:27 -0800"},"done":true},"minecraft:recipes/transportation/spruce_boat":{"criteria":{"in_water":"2025-01-26 15:40:27 -0800"},"done":true},"minecraft:recipes/transportation/birch_boat":{"criteria":{"in_water":"2025-01-26 15:40:27 -0800"},"done":true},"minecraft:recipes/transportation/oak_boat":{"criteria":{"in_water":"2025-01-26 15:40:27 -0800"},"done":true},"minecraft:recipes/transportation/jungle_boat":{"criteria":{"in_water":"2025-01-26 15:40:27 -0800"},"done":true},"minecraft:recipes/transportation/dark_oak_boat":{"criteria":{"in_water":"2025-01-26 15:40:27 -0800"},"done":true},"minecraft:recipes/decorations/armor_stand":{"criteria":{"has_stone_slab":"2025-01-26 15:47:04 -0800"},"done":true},"minecraft:recipes/decorations/stone_brick_wall":{"criteria":{"has_stone_bricks":"2025-01-26 15:47:10 -0800"},"done":true},"minecraft:recipes/building_blocks/stone_brick_slab_from_stone_bricks_stonecutting":{"criteria":{"has_stone_bricks":"2025-01-26 15:47:10 -0800"},"done":true},"minecraft:recipes/building_blocks/cracked_stone_bricks":{"criteria":{"has_stone_bricks":"2025-01-26 15:47:10 -0800"},"done":true},"minecraft:recipes/building_blocks/stone_brick_stairs_from_stone_bricks_stonecutting":{"criteria":{"has_stone_bricks":"2025-01-26 15:47:10 -0800"},"done":true},"minecraft:recipes/building_blocks/stone_brick_slab":{"criteria":{"has_stone_bricks":"2025-01-26 15:47:10 -0800"},"done":true},"minecraft:recipes/building_blocks/stone_brick_stairs":{"criteria":{"has_stone_bricks":"2025-01-26 15:47:10 -0800"},"done":true},"minecraft:recipes/building_blocks/chiseled_stone_bricks_from_stone_bricks_stonecutting":{"criteria":{"has_stone_bricks":"2025-01-26 15:47:10 -0800"},"done":true},"minecraft:recipes/building_blocks/chiseled_stone_bricks":{"criteria":{"has_tag":"2025-01-26 15:47:10 -0800"},"done":true},"minecraft:recipes/decorations/stone_brick_wall_from_stone_bricks_stonecutting":{"criteria":{"has_stone_bricks":"2025-01-26 15:47:10 -0800"},"done":true},"minecraft:recipes/building_blocks/spruce_planks":{"criteria":{"has_logs":"2025-01-26 15:47:12 -0800"},"done":true},"minecraft:recipes/building_blocks/spruce_wood":{"criteria":{"has_log":"2025-01-26 15:47:12 -0800"},"done":true},"minecraft:recipes/redstone/mangrove_pressure_plate":{"criteria":{"has_planks":"2025-01-26 15:47:18 -0800"},"done":true},"minecraft:recipes/decorations/mangrove_fence":{"criteria":{"has_planks":"2025-01-26 15:47:18 -0800"},"done":true},"minecraft:recipes/building_blocks/mangrove_stairs":{"criteria":{"has_planks":"2025-01-26 15:47:18 -0800"},"done":true},"minecraft:recipes/redstone/mangrove_trapdoor":{"criteria":{"has_planks":"2025-01-26 15:47:18 -0800"},"done":true},"minecraft:recipes/redstone/mangrove_fence_gate":{"criteria":{"has_planks":"2025-01-26 15:47:18 -0800"},"done":true},"minecraft:recipes/decorations/mangrove_sign":{"criteria":{"has_planks":"2025-01-26 15:47:18 -0800"},"done":true},"minecraft:recipes/misc/stick":{"criteria":{"has_planks":"2025-01-26 15:47:18 -0800"},"done":true},"minecraft:recipes/redstone/mangrove_button":{"criteria":{"has_planks":"2025-01-26 15:47:18 -0800"},"done":true},"minecraft:recipes/redstone/mangrove_door":{"criteria":{"has_planks":"2025-01-26 15:47:18 -0800"},"done":true},"minecraft:recipes/decorations/barrel":{"criteria":{"has_planks":"2025-01-26 15:47:18 -0800"},"done":true},"minecraft:recipes/building_blocks/mangrove_slab":{"criteria":{"has_planks":"2025-01-26 15:47:18 -0800"},"done":true},"minecraft:recipes/decorations/chest":{"criteria":{"has_lots_of_items":"2025-01-26 15:50:02 -0800"},"done":true},"minecraft:recipes/food/cooked_mutton_from_smoking":{"criteria":{"has_mutton":"2025-01-26 15:53:45 -0800"},"done":true},"minecraft:recipes/food/cooked_mutton":{"criteria":{"has_mutton":"2025-01-26 15:53:45 -0800"},"done":true},"minecraft:recipes/decorations/white_banner":{"criteria":{"has_white_wool":"2025-01-26 15:53:45 -0800"},"done":true},"minecraft:recipes/decorations/painting":{"criteria":{"has_wool":"2025-01-26 15:53:45 -0800"},"done":true},"minecraft:recipes/food/cooked_mutton_from_campfire_cooking":{"criteria":{"has_mutton":"2025-01-26 15:53:45 -0800"},"done":true},"minecraft:adventure/root":{"criteria":{"killed_something":"2025-01-26 15:53:45 -0800"},"done":true},"minecraft:recipes/decorations/white_bed":{"criteria":{"has_white_wool":"2025-01-26 15:53:45 -0800"},"done":true},"minecraft:recipes/decorations/white_carpet":{"criteria":{"has_white_wool":"2025-01-26 15:53:45 -0800"},"done":true},"minecraft:recipes/building_blocks/polished_deepslate":{"criteria":{"has_cobbled_deepslate":"2025-01-26 15:56:19 -0800"},"done":true},"minecraft:recipes/building_blocks/deepslate_tile_stairs_from_cobbled_deepslate_stonecutting":{"criteria":{"has_cobbled_deepslate":"2025-01-26 15:56:19 -0800"},"done":true},"minecraft:recipes/decorations/deepslate_brick_wall_from_cobbled_deepslate_stonecutting":{"criteria":{"has_cobbled_deepslate":"2025-01-26 15:56:19 -0800"},"done":true},"minecraft:recipes/building_blocks/polished_deepslate_from_cobbled_deepslate_stonecutting":{"criteria":{"has_cobbled_deepslate":"2025-01-26 15:56:19 -0800"},"done":true},"minecraft:recipes/building_blocks/polished_deepslate_slab_from_cobbled_deepslate_stonecutting":{"criteria":{"has_cobbled_deepslate":"2025-01-26 15:56:19 -0800"},"done":true},"minecraft:recipes/building_blocks/deepslate_brick_stairs_from_cobbled_deepslate_stonecutting":{"criteria":{"has_cobbled_deepslate":"2025-01-26 15:56:19 -0800"},"done":true},"minecraft:recipes/combat/stone_sword":{"criteria":{"has_cobblestone":"2025-01-26 15:56:19 -0800"},"done":true},"minecraft:recipes/tools/stone_pickaxe":{"criteria":{"has_cobblestone":"2025-01-26 15:56:19 -0800"},"done":true},"minecraft:recipes/building_blocks/deepslate_brick_slab_from_cobbled_deepslate_stonecutting":{"criteria":{"has_cobbled_deepslate":"2025-01-26 15:56:19 -0800"},"done":true},"minecraft:recipes/building_blocks/cobbled_deepslate_slab_from_cobbled_deepslate_stonecutting":{"criteria":{"has_cobbled_deepslate":"2025-01-26 15:56:19 -0800"},"done":true},"minecraft:recipes/tools/stone_axe":{"criteria":{"has_cobblestone":"2025-01-26 15:56:19 -0800"},"done":true},"minecraft:recipes/building_blocks/deepslate_tile_slab_from_cobbled_deepslate_stonecutting":{"criteria":{"has_cobbled_deepslate":"2025-01-26 15:56:19 -0800"},"done":true},"minecraft:story/mine_stone":{"criteria":{"get_stone":"2025-01-26 15:56:19 -0800"},"done":true},"minecraft:recipes/decorations/furnace":{"criteria":{"has_cobblestone":"2025-01-26 15:56:19 -0800"},"done":true},"minecraft:recipes/building_blocks/cobbled_deepslate_stairs":{"criteria":{"has_cobbled_deepslate":"2025-01-26 15:56:19 -0800"},"done":true},"minecraft:recipes/building_blocks/chiseled_deepslate_from_cobbled_deepslate_stonecutting":{"criteria":{"has_cobbled_deepslate":"2025-01-26 15:56:19 -0800"},"done":true},"minecraft:recipes/building_blocks/cobbled_deepslate_slab":{"criteria":{"has_cobbled_deepslate":"2025-01-26 15:56:19 -0800"},"done":true},"minecraft:recipes/decorations/cobbled_deepslate_wall_from_cobbled_deepslate_stonecutting":{"criteria":{"has_cobbled_deepslate":"2025-01-26 15:56:19 -0800"},"done":true},"minecraft:recipes/decorations/deepslate_tile_wall_from_cobbled_deepslate_stonecutting":{"criteria":{"has_cobbled_deepslate":"2025-01-26 15:56:19 -0800"},"done":true},"minecraft:recipes/decorations/cobbled_deepslate_wall":{"criteria":{"has_cobbled_deepslate":"2025-01-26 15:56:19 -0800"},"done":true},"minecraft:recipes/decorations/polished_deepslate_wall_from_cobbled_deepslate_stonecutting":{"criteria":{"has_cobbled_deepslate":"2025-01-26 15:56:19 -0800"},"done":true},"minecraft:recipes/building_blocks/deepslate_bricks_from_cobbled_deepslate_stonecutting":{"criteria":{"has_cobbled_deepslate":"2025-01-26 15:56:19 -0800"},"done":true},"minecraft:recipes/building_blocks/deepslate_tiles_from_cobbled_deepslate_stonecutting":{"criteria":{"has_cobbled_deepslate":"2025-01-26 15:56:19 -0800"},"done":true},"minecraft:recipes/building_blocks/cobbled_deepslate_stairs_from_cobbled_deepslate_stonecutting":{"criteria":{"has_cobbled_deepslate":"2025-01-26 15:56:19 -0800"},"done":true},"minecraft:recipes/tools/stone_hoe":{"criteria":{"has_cobblestone":"2025-01-26 15:56:19 -0800"},"done":true},"minecraft:recipes/building_blocks/deepslate":{"criteria":{"has_cobbled_deepslate":"2025-01-26 15:56:19 -0800"},"done":true},"minecraft:recipes/tools/stone_shovel":{"criteria":{"has_cobblestone":"2025-01-26 15:56:19 -0800"},"done":true},"minecraft:recipes/building_blocks/polished_deepslate_stairs_from_cobbled_deepslate_stonecutting":{"criteria":{"has_cobbled_deepslate":"2025-01-26 15:56:19 -0800"},"done":true},"minecraft:recipes/misc/iron_ingot_from_iron_block":{"criteria":{"has_iron_block":"2025-01-26 16:04:00 -0800"},"done":true},"minecraft:recipes/decorations/anvil":{"criteria":{"has_iron_block":"2025-01-26 16:04:00 -0800"},"done":true},"minecraft:recipes/transportation/dark_oak_chest_boat":{"criteria":{"has_boat":"2025-01-26 16:05:17 -0800"},"done":true},"minecraft:recipes/transportation/bamboo_chest_raft":{"criteria":{"has_boat":"2025-01-26 16:05:17 -0800"},"done":true},"minecraft:recipes/transportation/spruce_chest_boat":{"criteria":{"has_boat":"2025-01-26 16:05:17 -0800"},"done":true},"minecraft:recipes/transportation/pale_oak_chest_boat":{"criteria":{"has_boat":"2025-01-26 16:05:17 -0800"},"done":true},"minecraft:recipes/transportation/jungle_chest_boat":{"criteria":{"has_boat":"2025-01-26 16:05:17 -0800"},"done":true},"minecraft:recipes/transportation/acacia_chest_boat":{"criteria":{"has_boat":"2025-01-26 16:05:17 -0800"},"done":true},"minecraft:recipes/transportation/mangrove_chest_boat":{"criteria":{"has_boat":"2025-01-26 16:05:17 -0800"},"done":true},"minecraft:recipes/transportation/oak_chest_boat":{"criteria":{"has_boat":"2025-01-26 16:05:17 -0800"},"done":true},"minecraft:recipes/transportation/cherry_chest_boat":{"criteria":{"has_boat":"2025-01-26 16:05:17 -0800"},"done":true},"minecraft:recipes/transportation/birch_chest_boat":{"criteria":{"has_boat":"2025-01-26 16:05:17 -0800"},"done":true},"minecraft:recipes/misc/firework_rocket_simple":{"criteria":{"has_gunpowder":"2025-01-26 16:05:20 -0800"},"done":true},"minecraft:recipes/redstone/tnt":{"criteria":{"has_gunpowder":"2025-01-26 16:05:20 -0800"},"done":true},"minecraft:recipes/decorations/grindstone":{"criteria":{"has_stone_slab":"2025-01-26 16:06:14 -0800"},"done":true},"minecraft:recipes/decorations/black_stained_glass_pane":{"criteria":{"has_glass":"2025-01-26 17:01:48 -0800"},"done":true},"DataVersion":4189}