{"stats":{"minecraft:used":{"minecraft:stone_bricks":1,"minecraft:deepslate_bricks":13,"minecraft:glass":1,"minecraft:spruce_hanging_sign":4,"minecraft:lever":26,"minecraft:black_concrete":60,"minecraft:end_rod":16,"minecraft:repeater":25,"minecraft:redstone_lamp":3,"minecraft:comparator":16,"minecraft:verdant_froglight":1,"minecraft:chiseled_deepslate":25,"minecraft:iron_trapdoor":13,"minecraft:command_block":32,"minecraft:smooth_stone_slab":29,"minecraft:green_dye":21,"minecraft:iron_block":73,"minecraft:blast_furnace":49,"minecraft:polished_blackstone":100,"minecraft:redstone":1,"minecraft:carrot_on_a_stick":111,"minecraft:chain_command_block":14,"minecraft:stone_button":11,"minecraft:polished_basalt":178,"minecraft:repeating_command_block":33,"minecraft:stone":1,"minecraft:cobbled_deepslate":7,"minecraft:spruce_log":153,"minecraft:warped_sign":101,"minecraft:deepslate_tile_wall":34},"minecraft:custom":{"minecraft:time_since_rest":138092,"minecraft:crouch_one_cm":1402,"minecraft:play_time":138092,"minecraft:sprint_one_cm":7432,"minecraft:walk_one_cm":33923,"minecraft:sneak_time":6212,"minecraft:walk_under_water_one_cm":10294,"minecraft:jump":65,"minecraft:damage_dealt":0,"minecraft:interact_with_blast_furnace":8,"minecraft:leave_game":11,"minecraft:walk_on_water_one_cm":1052,"minecraft:time_since_death":138092,"minecraft:total_world_time":138092,"minecraft:fly_one_cm":471030}},"DataVersion":4189}