{"stats":{"minecraft:used":{"minecraft:sticky_piston":1,"minecraft:wooden_axe":5,"minecraft:end_rod":1,"minecraft:sea_lantern":9,"minecraft:black_concrete":8,"minecraft:light_gray_stained_glass_pane":20,"minecraft:iron_block":9,"minecraft:grass_block":26,"minecraft:carrot_on_a_stick":11,"minecraft:mangrove_planks":52,"minecraft:polished_basalt":28,"minecraft:stone_slab":6,"minecraft:sheep_spawn_egg":2,"minecraft:stone_brick_stairs":38,"minecraft:stone_bricks":110,"minecraft:cracked_stone_bricks":23,"minecraft:black_stained_glass":3,"minecraft:yellow_concrete":69,"minecraft:smooth_stone_slab":88,"minecraft:oak_boat":2,"minecraft:cobbled_deepslate":18,"minecraft:observer":4,"minecraft:spruce_log":1},"minecraft:killed":{"minecraft:sheep":2},"minecraft:picked_up":{"minecraft:wooden_axe":2,"minecraft:gunpowder":1,"minecraft:mutton":3,"minecraft:white_wool":2},"minecraft:dropped":{"minecraft:wooden_axe":2,"minecraft:stone_bricks":1},"minecraft:custom":{"minecraft:time_since_rest":96845,"minecraft:sprint_one_cm":4378,"minecraft:damage_taken":40,"minecraft:walk_one_cm":25465,"minecraft:mob_kills":2,"minecraft:drop":3,"minecraft:damage_dealt":160,"minecraft:fly_one_cm":376415,"minecraft:crouch_one_cm":2127,"minecraft:play_time":96845,"minecraft:sneak_time":2247,"minecraft:walk_under_water_one_cm":2001,"minecraft:boat_one_cm":11730,"minecraft:jump":68,"minecraft:time_since_death":96845,"minecraft:leave_game":4,"minecraft:walk_on_water_one_cm":634,"minecraft:total_world_time":96845,"minecraft:fall_one_cm":656}},"DataVersion":4189}